date;species;X;Y;n
2005-01-05;Merlangius merlangus;63963.78002969679;430152.4668323236;1
2005-01-05;Merlangius merlangus;64019.28359459559;430021.2615503005;1
2005-01-18;Merlangius merlangus;63963.78002969679;430152.4668323236;1
2005-01-18;Merlangius merlangus;64019.28359459559;430021.2615503005;1
2005-02-08;Merlangius merlangus;64019.28359459559;430021.2615503005;1
2005-03-29;Merlangius merlangus;63963.78002969679;430152.4668323236;1
2005-03-29;Merlangius merlangus;64019.28359459559;430021.2615503005;1
2005-05-23;Merlangius merlangus;44154.33503103546;428807.76043939573;1
2005-05-23;Merlangius merlangus;46182.0500904331;427446.76169260073;1
2005-05-23;Merlangius merlangus;50886.62938654209;430407.21830711723;2
2005-05-23;Merlangius merlangus;53196.29032061125;429877.87514887797;9
2005-05-23;Merlangius merlangus;54896.368948212505;431624.16473769845;3
2005-05-23;Merlangius merlangus;55616.3301974066;442978.6969462739;9
2005-05-23;Merlangius merlangus;55988.93799557185;436906.25180732016;22
2005-05-23;Merlangius merlangus;56305.791205359594;444820.14968627895;11
2005-05-23;Merlangius merlangus;57272.22123319993;437419.62012159376;7
2005-05-23;Merlangius merlangus;57718.98175332513;430306.5816518363;5
2005-05-23;Merlangius merlangus;59110.01880564276;441741.88930833864;46
2005-05-23;Merlangius merlangus;59586.18308091088;441473.4785903285;2
2005-05-23;Merlangius merlangus;59997.5322781213;441409.9951617209;2
2005-05-24;Merlangius merlangus;39220.726194636256;422149.3466690959;1
2005-05-24;Merlangius merlangus;43739.22575898626;432341.5540091202;10
2005-05-24;Merlangius merlangus;45992.86674585307;437244.3976342165;3
2005-05-24;Merlangius merlangus;48905.21958197512;436644.22392058984;10
2005-05-24;Merlangius merlangus;48913.58240903045;438108.6093848695;10
2005-05-24;Merlangius merlangus;50131.7043187973;432203.56536529737;12
2005-05-24;Merlangius merlangus;51855.366058402215;436711.59489079984;1
2005-05-24;Merlangius merlangus;52752.70215929473;432928.3507815155;14
2005-05-24;Merlangius merlangus;53478.931474889774;438162.9273668896;17
2005-05-24;Merlangius merlangus;56755.04033570182;439711.08913751756;20
2005-05-24;Merlangius merlangus;57848.60809596001;442285.9681073839;59
2005-05-24;Merlangius merlangus;65313.13745379675;444502.12269743317;1
2005-05-25;Merlangius merlangus;19270.54446959353;402632.9922142446;3
2005-05-25;Merlangius merlangus;19520.316836649232;406354.99876395985;16
2005-05-25;Merlangius merlangus;19649.67570654914;410729.1663245745;11
2005-05-25;Merlangius merlangus;21867.998172367516;412617.8382556604;1
2005-05-25;Merlangius merlangus;22333.69370306481;399619.80423405627;2
2005-05-25;Merlangius merlangus;23092.741906194715;402123.1321102069;21
2005-05-25;Merlangius merlangus;24040.75322139317;403470.7847909662;16
2005-05-25;Merlangius merlangus;24797.461935498126;401021.4974646772;7
2005-05-25;Merlangius merlangus;25431.25108387196;417088.20174033934;2
2005-05-25;Merlangius merlangus;26237.622052202583;405826.09631543595;11
2005-05-25;Merlangius merlangus;29263.09744500954;405396.90825911885;7
2005-05-25;Merlangius merlangus;37385.055067527166;423861.44024240604;2
2005-05-25;Merlangius merlangus;43351.523038322935;430402.58272101235;3
2005-05-25;Merlangius merlangus;52245.62101750489;431714.58638526243;16
2005-05-25;Merlangius merlangus;52659.65929518502;433431.0397766839;6
2005-05-25;Merlangius merlangus;54589.18066981051;435747.86256670073;12
2005-05-25;Merlangius merlangus;54942.54631697458;433348.15423471056;5
2005-05-25;Merlangius merlangus;57569.65162110157;439156.5225930235;7
2005-05-25;Merlangius merlangus;58396.865622548445;438639.68657882843;21
2005-05-25;Merlangius merlangus;58819.82519604184;430823.9278589082;18
2005-05-25;Merlangius merlangus;63963.78002969679;430152.4668323236;1
2005-05-26;Merlangius merlangus;15160.086925386335;405249.6936858297;17
2005-05-26;Merlangius merlangus;15197.903535013087;407436.973634156;11
2005-05-26;Merlangius merlangus;16670.61400526995;408102.01911501883;9
2005-05-26;Merlangius merlangus;20445.43917829002;407276.30585119827;8
2005-05-26;Merlangius merlangus;21739.822508921905;406017.56882260967;17
2005-05-26;Merlangius merlangus;31615.44308256323;421236.47494744346;1
2005-05-26;Merlangius merlangus;33873.969682529045;423741.30400308454;4
2005-05-26;Merlangius merlangus;36690.05579502259;426084.7630896949;8
2005-05-26;Merlangius merlangus;38151.059635702375;428091.6442054555;17
2005-05-26;Merlangius merlangus;40355.413662516235;428986.7259660619;5
2005-05-26;Merlangius merlangus;55760.711264777114;440454.09395047533;14
2005-05-26;Merlangius merlangus;56963.26376750348;433381.61077251064;4
2005-05-26;Merlangius merlangus;57382.981374146824;441924.47149811854;13
2005-05-26;Merlangius merlangus;58125.3723570601;438830.78548657824;6
2005-05-26;Merlangius merlangus;58914.116922748435;441708.9311456519;3
2005-05-26;Merlangius merlangus;59266.91925008524;440385.67189750867;9
2005-05-26;Merlangius merlangus;59603.9334867462;440026.4572854672;3
2005-05-26;Merlangius merlangus;59750.217280744095;441673.9958409977;3
2005-05-27;Merlangius merlangus;53320.65237517579;435996.06204565766;4
2005-05-27;Merlangius merlangus;53749.81874966626;441885.5296735169;8
2005-05-27;Merlangius merlangus;55212.42456152213;429020.4822693478;9
2005-05-27;Merlangius merlangus;55397.4540315972;444652.3504732244;4
2005-05-27;Merlangius merlangus;56758.149579954785;443364.51333770016;18
2005-05-27;Merlangius merlangus;59238.86352581058;439495.94299855595;2
2005-05-30;Merlangius merlangus;47706.14585553414;435296.4957373608;9
2005-05-30;Merlangius merlangus;49949.30921363043;437196.4281872631;4
2005-05-30;Merlangius merlangus;51789.91314415168;433003.7542100753;5
2005-05-30;Merlangius merlangus;59709.537441085165;434738.5141847181;3
2005-05-31;Merlangius merlangus;35872.33817804218;424564.9034230731;1
2005-05-31;Merlangius merlangus;36159.90485852356;426041.651923617;2
2005-05-31;Merlangius merlangus;36345.86730962874;422235.4024627799;1
2005-05-31;Merlangius merlangus;37772.43071391937;425168.98615313374;5
2005-05-31;Merlangius merlangus;42308.05645094975;424360.552756046;11
2005-05-31;Merlangius merlangus;45553.37503840159;423918.10718785913;5
2005-05-31;Merlangius merlangus;45653.47947388199;426419.93325397104;6
2005-05-31;Merlangius merlangus;65313.13745379675;444502.12269743317;1
2005-06-01;Merlangius merlangus;16074.26574109422;407394.9257965515;2
2005-06-01;Merlangius merlangus;21526.749193473894;412793.8350704359;3
2005-06-01;Merlangius merlangus;22535.11711452916;414306.5200283095;1
2005-06-03;Merlangius merlangus;26532.644799506932;405632.69805883034;8
2005-06-03;Merlangius merlangus;26784.811120011276;409633.0768770672;1
2005-06-03;Merlangius merlangus;28060.327691891172;407152.1826977388;9
2005-06-03;Merlangius merlangus;34130.06057620635;408042.43127163773;2
2005-06-03;Merlangius merlangus;35675.13581200063;406539.86159850116;1
2005-06-07;Merlangius merlangus;65313.13745379675;444502.12269743317;1
2005-06-14;Merlangius merlangus;65313.13745379675;444502.12269743317;1
2005-06-27;Merlangius merlangus;63963.78002969679;430152.4668323236;1
2005-07-06;Merlangius merlangus;63963.78002969679;430152.4668323236;1
2005-07-06;Merlangius merlangus;64019.28359459559;430021.2615503005;1
2005-08-29;Merlangius merlangus;51457.35956671473;433010.6226415535;2
2005-08-29;Merlangius merlangus;55141.156615186526;435810.2599773082;1
2005-08-29;Merlangius merlangus;56010.4227378799;433956.7876233875;1
2005-08-29;Merlangius merlangus;57345.25316601139;444669.4947970958;1
2005-08-29;Merlangius merlangus;58146.98887853185;438774.7246337907;5
2005-08-29;Merlangius merlangus;58319.28416431663;438790.30683741183;1
2005-08-29;Merlangius merlangus;58523.59120371427;442848.219514868;10
2005-08-29;Merlangius merlangus;59192.793156577914;439496.8261313579;7
2005-08-29;Merlangius merlangus;59607.441866215115;441398.5126434767;1
2005-08-30;Merlangius merlangus;51507.60675031795;432675.723205081;2
2005-08-30;Merlangius merlangus;53703.00289553082;441848.64161597635;2
2005-08-30;Merlangius merlangus;54577.83969411769;435765.8959119003;2
2005-08-30;Merlangius merlangus;55174.698261648446;439798.0559295535;1
2005-08-30;Merlangius merlangus;55410.61902486469;444726.6494830888;5
2005-08-30;Merlangius merlangus;57822.999820316574;443936.81706809317;22
2005-08-30;Merlangius merlangus;58879.75126612467;441709.592483744;1
2005-08-31;Merlangius merlangus;16760.60203704462;408024.97293602506;1
2005-08-31;Merlangius merlangus;47604.35385850079;439082.53176863404;12
2005-08-31;Merlangius merlangus;48782.60642784544;437871.00628714426;7
2005-08-31;Merlangius merlangus;52804.47468590604;432630.1599321462;5
2005-08-31;Merlangius merlangus;52848.40482532377;433668.67442785227;5
2005-08-31;Merlangius merlangus;57464.73208859883;430238.0794464497;8
2005-09-01;Merlangius merlangus;17323.88306627827;408769.7768682652;1
2005-09-05;Merlangius merlangus;20398.31925790658;411989.1047076207;34
2005-09-06;Merlangius merlangus;34914.88652037733;423975.603139114;2
2005-09-06;Merlangius merlangus;36151.379137212134;427137.0037896281;2
2005-09-06;Merlangius merlangus;36309.15729908073;422142.7825872734;2
2005-09-06;Merlangius merlangus;38350.94245521171;422837.2466504363;2
2005-09-07;Merlangius merlangus;16120.954237824772;407430.3704302205;9
2005-09-07;Merlangius merlangus;20009.338788414054;402185.76106497383;1
2007-05-15;Merlangius merlangus;50284.999128880896;437319.5933570482;2
2007-05-15;Merlangius merlangus;53335.457090004085;435030.91107230796;31
2007-05-15;Merlangius merlangus;53412.91586664821;436030.9115456015;14
2007-05-15;Merlangius merlangus;54648.70951271494;434150.8381250456;6
2007-05-15;Merlangius merlangus;55046.549525780996;433382.8000158067;13
2007-05-16;Merlangius merlangus;56493.528291679206;442145.590051088;11
2007-05-16;Merlangius merlangus;57308.45055221877;439272.90634270926;15
2007-05-16;Merlangius merlangus;58138.090045077086;443634.67519898526;39
2007-05-24;Merlangius merlangus;52022.80933484915;433108.0179635579;7
2007-05-24;Merlangius merlangus;55108.35599894695;439335.32086302934;12
2007-05-24;Merlangius merlangus;55289.59238937039;442692.530046198;4
2007-05-24;Merlangius merlangus;56664.95759970324;437509.4266423348;5
2007-05-24;Merlangius merlangus;56973.26326335399;445567.07167654263;4
2007-05-24;Merlangius merlangus;56998.00306443064;439368.0127696187;5
2007-05-24;Merlangius merlangus;57048.93401610294;436700.64300074504;3
2007-05-24;Merlangius merlangus;58921.13081188493;440393.42320282693;5
2007-05-24;Merlangius merlangus;60122.1002542276;441524.47437278024;4
2007-05-25;Merlangius merlangus;47019.06584888241;438104.6603527651;5
2007-05-25;Merlangius merlangus;50347.5256203989;439056.6061615561;9
2007-05-25;Merlangius merlangus;52689.41571238858;432629.17168256507;8
2007-05-25;Merlangius merlangus;53323.7117580653;429839.6759263561;6
2007-05-25;Merlangius merlangus;53698.47821731024;430989.4483919718;4
2007-05-25;Merlangius merlangus;55118.18321841417;428926.655739659;6
2007-05-25;Merlangius merlangus;56122.277936193714;429541.0567829303;6
2007-05-25;Merlangius merlangus;57810.23996016836;430357.11294411845;6
2007-05-30;Merlangius merlangus;35917.329780445114;424541.5760416037;7
2007-05-30;Merlangius merlangus;36215.03326382935;426068.1695889495;4
2007-05-30;Merlangius merlangus;36252.160374639294;422360.0430817357;10
2007-05-30;Merlangius merlangus;36965.51027521545;421957.024686947;9
2007-05-30;Merlangius merlangus;37794.758096524485;425179.5937850139;7
2007-05-31;Merlangius merlangus;17113.140417496732;408532.89125083474;24
2007-05-31;Merlangius merlangus;19156.27004620232;406983.6566406578;22
2007-05-31;Merlangius merlangus;19224.4960511307;405222.0781960414;15
2007-05-31;Merlangius merlangus;19918.836207899352;402249.4006633874;10
2007-05-31;Merlangius merlangus;21731.061536995025;412880.8022084622;2
2007-05-31;Merlangius merlangus;22756.394561801513;414384.17512061034;2
2007-05-31;Merlangius merlangus;23169.410390603356;414442.3409264075;6
2007-05-31;Merlangius merlangus;26646.68711188175;409781.28586618725;8
2007-06-01;Merlangius merlangus;25268.735118921046;410353.0695172082;1
2007-06-01;Merlangius merlangus;25291.705104689478;406620.5497267982;8
2007-06-01;Merlangius merlangus;26461.174918480057;410648.5966579771;4
2007-06-01;Merlangius merlangus;28125.90089064688;407308.57577029575;9
2007-06-01;Merlangius merlangus;34266.24819563993;407369.1718875929;4
2007-06-01;Merlangius merlangus;35861.46362017687;406804.7836511765;6
2007-06-01;Merlangius merlangus;36235.904407309004;408293.95311850694;3
2007-08-20;Merlangius merlangus;50296.005921692675;437319.3628362138;2
2007-08-20;Merlangius merlangus;53548.69646209352;435360.43971718976;22
2007-08-20;Merlangius merlangus;55241.76130598129;433397.82349908253;4
2007-08-20;Merlangius merlangus;56028.22708098691;438334.3706981604;10
2007-08-20;Merlangius merlangus;57869.24450129738;440412.65177201945;11
2007-08-20;Merlangius merlangus;58029.10208790387;443932.80840340705;8
2007-08-21;Merlangius merlangus;51746.37571595528;433097.0200615214;29
2007-08-21;Merlangius merlangus;51915.14046216628;431257.3156439373;7
2007-08-21;Merlangius merlangus;52129.512124562694;434981.0020450227;3
2007-08-21;Merlangius merlangus;54750.23370349237;439212.2883540045;9
2007-08-21;Merlangius merlangus;54934.94040972386;442696.2870446422;1
2007-08-21;Merlangius merlangus;55706.20988964569;444628.3914168479;3
2007-08-23;Merlangius merlangus;46723.38905697943;438083.2337772908;8
2007-08-23;Merlangius merlangus;50296.17107423954;438969.7640551773;3
2007-08-23;Merlangius merlangus;56073.39557609735;429578.7454073953;5
2007-08-23;Merlangius merlangus;57096.60727291943;437237.2115211844;3
2007-08-23;Merlangius merlangus;57263.85053918723;441704.23230397434;54
2007-08-24;Merlangius merlangus;55406.40906071493;429208.0310330065;4
2007-08-24;Merlangius merlangus;56708.90169496181;437714.4386203876;19
2007-08-24;Merlangius merlangus;59254.02274189552;439569.0994516289;6
2007-08-24;Merlangius merlangus;59910.77147419228;441909.08227869653;1
2007-08-24;Merlangius merlangus;60142.97393322781;441537.4318284719;1
2007-09-05;Merlangius merlangus;16011.294258815033;407296.48503755097;3
2007-09-05;Merlangius merlangus;20984.23305284916;411463.69271681266;9
2007-09-05;Merlangius merlangus;24347.736275155563;415928.64933792443;60
2007-09-05;Merlangius merlangus;36310.94582209391;426098.17413400527;14
2007-09-06;Merlangius merlangus;19276.348853827192;406195.7173635105;2
2007-09-06;Merlangius merlangus;26610.512345391326;409719.8798606536;8
2007-09-06;Merlangius merlangus;28273.066745719683;407212.49440385285;5
2007-09-06;Merlangius merlangus;34145.792702589824;407168.39026843454;4
2007-09-07;Merlangius merlangus;26416.44829716484;410577.3934139484;2
2007-09-07;Merlangius merlangus;36132.30660301341;427001.67513976997;10
2009-05-13;Merlangius merlangus;46998.1909211825;438093.982315106;14
2009-05-13;Merlangius merlangus;50308.65425546341;439007.3405744729;38
2009-05-13;Merlangius merlangus;51431.08331701851;437295.7205055833;33
2009-05-13;Merlangius merlangus;53261.33553885367;435922.70661088714;8
2009-05-14;Merlangius merlangus;50227.012251115855;428359.937241478;10
2009-05-14;Merlangius merlangus;53335.84140200303;435049.8218781508;14
2009-05-14;Merlangius merlangus;54660.65380070485;434128.3415791992;2
2009-05-14;Merlangius merlangus;55037.71061125552;433388.540789289;4
2009-05-14;Merlangius merlangus;55153.08031566093;428948.2170278309;1
2009-05-14;Merlangius merlangus;56975.337997207505;433400.2924874268;1
2009-05-15;Merlangius merlangus;45642.036172687775;426401.26362538687;9
2009-05-15;Merlangius merlangus;53367.39838792973;429818.7580612577;1
2009-05-19;Merlangius merlangus;52692.69940569581;432621.31454865076;1
2009-05-20;Merlangius merlangus;32608.973473863472;417145.3578730321;2
2009-05-20;Merlangius merlangus;37354.74043095026;427804.21243549214;3
2009-05-20;Merlangius merlangus;38572.29913398287;425147.0158277281;1
2009-05-21;Merlangius merlangus;34311.391154546815;407345.8315099337;3
2009-05-21;Merlangius merlangus;35906.083384812635;424532.9393840815;1
2009-05-21;Merlangius merlangus;36246.08802713847;421169.33024804626;3
2009-05-22;Merlangius merlangus;22734.783912432264;414351.3522345125;1
2009-05-22;Merlangius merlangus;26697.313820701544;409812.27278542705;1
2009-05-28;Merlangius merlangus;21735.11912794123;412825.0425612784;20
2009-05-28;Merlangius merlangus;25364.690185646614;408433.9911304822;4
2009-05-28;Merlangius merlangus;26560.92718233379;410679.4409733701;3
2009-05-28;Merlangius merlangus;28104.71856654591;407292.41431889485;8
2009-05-28;Merlangius merlangus;35847.094973020256;406782.8646648661;2
2009-05-29;Merlangius merlangus;17092.770351471932;408522.3181364553;51
2009-05-29;Merlangius merlangus;19157.41444322758;406974.7213405421;23
2009-05-29;Merlangius merlangus;21545.472468825494;405165.6725794317;13
2009-05-29;Merlangius merlangus;36177.723300716476;408234.11373819975;8
2009-08-10;Merlangius merlangus;47017.497967757445;438095.7910023736;10
2009-08-10;Merlangius merlangus;50325.520364348966;438991.40690325975;18
2009-08-10;Merlangius merlangus;50336.4770374583;437312.95103274833;12
2009-08-10;Merlangius merlangus;52556.88230047948;430359.4235223847;1
2009-08-10;Merlangius merlangus;53354.088318819835;436015.41388977936;14
2009-08-11;Merlangius merlangus;52048.26104731274;433106.3815099761;2
2009-08-11;Merlangius merlangus;52659.76181300415;432627.5521359619;1
2009-08-11;Merlangius merlangus;53343.70584254243;435064.12923694594;7
2009-08-11;Merlangius merlangus;54686.680643729735;434155.6410028217;8
2009-08-11;Merlangius merlangus;55006.774303133236;433391.38448684645;2
2009-08-11;Merlangius merlangus;56965.73433942451;433367.09550389927;2
2009-08-11;Merlangius merlangus;57808.173331980346;430357.15304576955;11
2009-08-12;Merlangius merlangus;41409.10273119445;428936.0173809369;1
2009-08-12;Merlangius merlangus;43920.0964267799;430369.90849515155;1
2009-08-12;Merlangius merlangus;45659.684326928924;426419.79793701635;6
2009-08-12;Merlangius merlangus;46638.11357783522;431122.7806491237;3
2009-08-12;Merlangius merlangus;50221.54550985352;428362.2772770463;9
2009-08-12;Merlangius merlangus;56111.67959769098;429527.91194175417;16
2009-08-13;Merlangius merlangus;33964.83014397917;425504.2810072676;3
2009-08-13;Merlangius merlangus;37337.32649889942;427796.8305574435;1
2009-08-13;Merlangius merlangus;43904.86509184993;422397.39091235737;2
2009-08-13;Merlangius merlangus;48347.264720573134;429934.25392803585;4
2009-08-13;Merlangius merlangus;55147.789423420356;428959.45087118517;14
2009-08-14;Merlangius merlangus;44583.74937050593;429303.5383076633;2
2009-08-14;Merlangius merlangus;53297.1251047612;429820.18428344367;12
2009-08-17;Merlangius merlangus;35934.83619188849;424552.2900461223;3
2009-08-17;Merlangius merlangus;37816.52572356943;425195.7793112815;2
2009-08-18;Merlangius merlangus;21732.35578622599;412877.4287979984;9
2009-08-18;Merlangius merlangus;23180.010063759953;414450.96738601837;6
2009-08-18;Merlangius merlangus;34263.40000862238;407365.90129490447;2
2009-08-19;Merlangius merlangus;17133.792595375417;408579.0750940057;20
2009-08-19;Merlangius merlangus;19221.849819398863;405201.00143763254;4
2009-08-19;Merlangius merlangus;25246.714078312754;406621.70785073505;4
2009-08-19;Merlangius merlangus;26479.564586895503;410636.99712337326;2
2009-08-20;Merlangius merlangus;26658.5032871969;409783.2107055646;18
2010-05-21;Merlangius merlangus;47054.585873099204;438156.19957765285;6
2010-05-21;Merlangius merlangus;50241.578642541106;437283.7778803196;2
2010-05-21;Merlangius merlangus;50295.64652159075;438977.5652312046;1
2010-05-21;Merlangius merlangus;56935.3983887183;433365.46414810634;3
2010-05-25;Merlangius merlangus;53304.38669072662;436008.6342350391;33
2010-05-25;Merlangius merlangus;53387.865684532764;435068.79636325035;10
2010-05-26;Merlangius merlangus;52652.46674102268;432607.6698001171;31
2010-05-26;Merlangius merlangus;55074.46559027668;433401.1609659421;6
2010-05-26;Merlangius merlangus;56160.6557232105;435321.5017912246;5
2010-05-26;Merlangius merlangus;57848.12814565102;430356.3778983039;1
2010-05-27;Merlangius merlangus;41353.39557339682;428911.6832970284;1
2010-05-27;Merlangius merlangus;43997.64377806336;422378.64467492746;17
2010-05-27;Merlangius merlangus;45630.458099264404;423560.30110494624;2
2010-05-27;Merlangius merlangus;45646.647859954304;426454.5819791047;31
2010-05-27;Merlangius merlangus;48202.73153755089;429879.46335084824;5
2010-05-27;Merlangius merlangus;51983.88687032246;433091.0130818306;7
2010-05-27;Merlangius merlangus;53705.17988431934;430332.73050323897;1
2010-05-28;Merlangius merlangus;34072.49175360362;425734.29459122993;14
2010-05-28;Merlangius merlangus;37282.46801514443;427751.37476192624;7
2010-05-28;Merlangius merlangus;43976.85634547299;430380.89204631036;9
2010-05-28;Merlangius merlangus;44792.563550627194;429394.6503918024;7
2010-05-28;Merlangius merlangus;46704.413742431076;431161.41061682964;11
2010-05-28;Merlangius merlangus;55085.90617596678;428967.3615390454;2
2010-06-01;Merlangius merlangus;31515.162335611152;417155.41827686335;2
2010-06-01;Merlangius merlangus;35881.838339431895;424529.063223611;1
2010-06-01;Merlangius merlangus;37687.726538786665;425087.4958087744;2
2010-06-01;Merlangius merlangus;42339.117107785;428413.09377643175;5
2010-06-01;Merlangius merlangus;50154.231840134744;428341.4277630171;6
2010-06-01;Merlangius merlangus;53316.359098908884;429850.9536955679;21
2010-06-02;Merlangius merlangus;34233.32161334311;407353.2667487352;1
2010-06-02;Merlangius merlangus;36182.723197300715;419278.8170497634;8
2010-06-02;Merlangius merlangus;36250.944049911486;422337.8128439818;3
2010-06-02;Merlangius merlangus;36970.549861647116;421965.809750246;4
2010-06-03;Merlangius merlangus;25279.65193140351;406609.729855081;1
2010-06-03;Merlangius merlangus;28118.9241540355;407306.525462942;1
2010-06-04;Merlangius merlangus;21732.369539985986;412851.8284307298;5
2010-06-04;Merlangius merlangus;22714.57351377228;414292.8927329164;1
2010-06-10;Merlangius merlangus;35865.31871556115;406821.3865335777;2
2010-06-10;Merlangius merlangus;36233.74995005017;408290.6651105364;3
2010-08-02;Merlangius merlangus;54995.62496146365;433350.4318946129;6
2010-08-02;Merlangius merlangus;56265.67095765364;435375.0700503313;9
2010-08-02;Merlangius merlangus;56985.4034393889;433386.7413152752;16
2010-08-02;Merlangius merlangus;57870.48874080427;430194.58430680586;8
2010-08-03;Merlangius merlangus;47023.60125982262;438123.48172279657;9
2010-08-03;Merlangius merlangus;50350.514955089486;437326.0117495628;9
2010-08-03;Merlangius merlangus;52063.01918477558;433087.15927067114;7
2010-08-03;Merlangius merlangus;52705.70741976895;432651.0959291818;10
2010-08-04;Merlangius merlangus;56141.63550192406;429544.0132677823;11
2010-08-04;Merlangius merlangus;57865.1271488487;430166.86760440905;11
2010-08-05;Merlangius merlangus;41401.934463891084;428923.9377149714;1
2010-08-05;Merlangius merlangus;43955.05864675189;430392.5043712674;1
2010-08-05;Merlangius merlangus;48177.99946706307;429915.6029634232;3
2010-08-05;Merlangius merlangus;53371.3161472143;436084.0611670359;11
2010-08-05;Merlangius merlangus;53388.327966215904;435057.658378515;17
2010-08-05;Merlangius merlangus;53686.580048120464;430333.1066940408;16
2010-08-06;Merlangius merlangus;42306.75198670158;424363.9207990289;1
2010-08-06;Merlangius merlangus;45667.34080547327;426422.9696564073;4
2010-08-06;Merlangius merlangus;50210.68778187943;428304.6351202359;8
2010-08-06;Merlangius merlangus;53352.87342109237;429850.2126350936;6
2010-08-06;Merlangius merlangus;55139.09934279138;428938.4800846794;1
2010-08-09;Merlangius merlangus;36244.61480595621;421486.5556846428;2
2010-08-09;Merlangius merlangus;42285.27869099406;427705.3755175912;1
2010-08-09;Merlangius merlangus;44626.07156395973;429347.12195541384;1
2010-08-09;Merlangius merlangus;46737.97133036946;431151.7818600904;4
2010-08-10;Merlangius merlangus;34233.00170560868;407339.91905991227;7
2010-08-10;Merlangius merlangus;36237.41938039496;408299.48207073734;2
2010-08-11;Merlangius merlangus;30258.300251962515;417892.0890023899;7
2010-08-11;Merlangius merlangus;34045.29468183486;425493.43594306597;22
2010-08-11;Merlangius merlangus;36214.2853082935;419328.15320695477;6
2010-08-11;Merlangius merlangus;37350.85033310363;427785.3835865442;26
2010-08-11;Merlangius merlangus;37788.86358315758;425193.0868640971;10
2010-08-12;Merlangius merlangus;32942.6111165912;419868.4694091597;1
2010-08-12;Merlangius merlangus;33299.399571436545;422105.7834098253;1
2010-08-12;Merlangius merlangus;34947.78502611151;423994.84912592213;9
2010-08-13;Merlangius merlangus;22203.88196608366;413312.40430169814;5
2010-08-13;Merlangius merlangus;23197.69553707732;414466.08638158394;13
2010-08-13;Merlangius merlangus;26459.848485127048;410650.85653494357;1
2010-08-13;Merlangius merlangus;27803.865978448084;410296.17831222445;10
2010-08-18;Merlangius merlangus;21080.52248661124;402632.4830486356;3
2010-08-18;Merlangius merlangus;25282.649642293894;406618.55677404226;9
2010-08-18;Merlangius merlangus;28109.975066850486;407281.15205104457;11
2011-05-16;Merlangius merlangus;56138.366171267204;429552.9804697025;1
2011-05-16;Merlangius merlangus;57869.949464197605;430166.7740911399;2
2011-05-16;Merlangius merlangus;59858.373246705436;433875.4704368344;1
2011-05-17;Merlangius merlangus;47082.290496411966;438164.5045789467;6
2011-05-17;Merlangius merlangus;50278.45830797107;437303.0371364793;14
2011-05-17;Merlangius merlangus;50381.582484500264;439105.9728227664;46
2011-05-17;Merlangius merlangus;53356.53695578764;436034.2827628507;23
2011-05-17;Merlangius merlangus;54799.06074467617;430307.38923581;4
2011-05-17;Merlangius merlangus;56973.098314341434;433391.4336637604;14
2011-05-18;Merlangius merlangus;51017.59575723253;432299.71233139205;16
2011-05-18;Merlangius merlangus;52712.206643248166;432632.0444982514;24
2011-05-18;Merlangius merlangus;53313.55813960472;429848.7848470591;12
2011-05-18;Merlangius merlangus;53345.82585101813;435032.92608498386;18
2011-05-18;Merlangius merlangus;55016.501192176365;433361.1432708973;18
2011-05-18;Merlangius merlangus;55110.19906081879;434570.0507956547;27
2011-05-18;Merlangius merlangus;55119.7831135357;428937.75225558033;3
2011-05-19;Merlangius merlangus;42256.81909036692;427697.1122585032;1
2011-05-19;Merlangius merlangus;44561.89649127892;429312.9232084906;4
2011-05-19;Merlangius merlangus;46689.176776547465;427044.0410583469;8
2011-05-19;Merlangius merlangus;46752.004430070985;431227.1552975242;13
2011-05-19;Merlangius merlangus;47136.904565805904;429356.98397410515;5
2011-05-19;Merlangius merlangus;48325.036886871036;427821.3658370899;18
2011-05-30;Merlangius merlangus;17118.523526953766;408527.1785315143;5
2011-05-30;Merlangius merlangus;18216.0042499282;406306.74774906266;6
2011-05-30;Merlangius merlangus;19297.157223733113;405270.2093061134;16
2011-05-30;Merlangius merlangus;19935.82809790183;402236.70228382235;20
2011-05-30;Merlangius merlangus;21746.785013552086;412873.7075168008;19
2011-05-30;Merlangius merlangus;22744.97508794951;414344.4060231374;3
2011-05-30;Merlangius merlangus;23923.844648030237;415315.2727261021;16
2011-05-31;Merlangius merlangus;26674.554887503153;409788.36664662824;28
2011-05-31;Merlangius merlangus;30387.66503551729;416671.2735530871;6
2011-05-31;Merlangius merlangus;37805.791795122655;425179.33595483465;20
2011-06-01;Merlangius merlangus;25279.310572286573;410360.5881356065;14
2011-06-01;Merlangius merlangus;30251.283642139082;417887.8112399035;8
2011-06-01;Merlangius merlangus;35334.40942921926;422755.7935691385;16
2011-06-01;Merlangius merlangus;35366.15117802695;421538.5753308036;5
2011-06-01;Merlangius merlangus;36981.323815323645;407221.378772023;1
2011-06-01;Merlangius merlangus;42320.646206615944;424368.06034653226;6
2011-06-14;Merlangius merlangus;26123.254356279343;402108.2586335914;5
2011-06-14;Merlangius merlangus;28129.99731301125;407306.24664940994;3
2011-06-14;Merlangius merlangus;35143.29124151106;425793.17269766936;3
2011-06-14;Merlangius merlangus;35897.754201975535;424530.911223373;3
2011-06-14;Merlangius merlangus;36251.23171356843;408298.04352513986;1
2011-06-14;Merlangius merlangus;37363.96169698861;427815.12550421874;9
2011-06-14;Merlangius merlangus;37426.41365435455;419525.5621555103;14
2011-06-15;Merlangius merlangus;32907.03951905959;419825.92815488135;13
2011-06-15;Merlangius merlangus;44019.37766670415;422393.7446524531;2
2012-04-26;Merlangius merlangus;52608.05095082223;432625.27102825366;6
2012-04-26;Merlangius merlangus;54334.309326455754;430328.94953080744;3
2012-04-26;Merlangius merlangus;55107.490676759786;428943.5615121554;3
2012-04-26;Merlangius merlangus;59033.816562142165;430664.027769929;3
2012-04-27;Merlangius merlangus;47700.88614898198;438739.9109080215;16
2012-04-27;Merlangius merlangus;49657.05834544168;438220.86764231056;14
2012-04-27;Merlangius merlangus;56174.412991747;429563.39761386754;3
2012-04-27;Merlangius merlangus;56952.11763774183;433375.1521042269;6
2012-05-01;Merlangius merlangus;49189.5167597462;436905.293035415;1
2012-05-01;Merlangius merlangus;51018.32604765281;432268.5368144046;14
2012-05-01;Merlangius merlangus;53352.595202689845;435027.22423623;30
2012-05-01;Merlangius merlangus;60997.96271565501;435189.3124481361;2
2012-05-02;Merlangius merlangus;45662.140893468764;423905.71966324345;1
2012-05-02;Merlangius merlangus;46652.08872764533;427019.24606534507;6
2012-05-03;Merlangius merlangus;27810.361136584615;410279.3193044545;35
2012-05-03;Merlangius merlangus;35895.89639254725;424539.85898189194;12
2012-05-03;Merlangius merlangus;36295.08390280837;425806.955334441;26
2012-05-03;Merlangius merlangus;37344.79341945499;427821.14018565865;26
2012-05-04;Merlangius merlangus;26191.012068540294;405818.38311240356;18
2012-05-04;Merlangius merlangus;27888.696328227365;402814.74051376217;27
2012-05-10;Merlangius merlangus;17818.171731473645;407139.00308946916;17
2012-05-10;Merlangius merlangus;19157.174587062764;406965.8233549607;7
2012-05-10;Merlangius merlangus;19218.840696969623;405192.1780461951;1
2012-05-10;Merlangius merlangus;26276.396415540527;411000.575921553;2
2012-05-10;Merlangius merlangus;26633.76914466302;402746.3470507078;16
2012-05-11;Merlangius merlangus;36236.08797221785;408301.7393267798;1
2012-05-11;Merlangius merlangus;36939.367853856456;407233.4908815572;4
2012-05-15;Merlangius merlangus;17087.174108300853;408520.24519844877;14
2012-05-15;Merlangius merlangus;21038.05970783104;402625.81913181726;1
2012-05-15;Merlangius merlangus;21755.463694011094;412887.94725142623;7
2012-05-15;Merlangius merlangus;23280.29332412753;414503.99175889336;5
2012-05-15;Merlangius merlangus;27435.309730403605;408314.3511376855;1
2012-08-30;Merlangius merlangus;27818.810097715643;403066.9239492104;22
2012-08-30;Merlangius merlangus;28987.400881919122;402985.2867616986;12
2012-09-03;Merlangius merlangus;16824.631940190942;406394.787785015;10
2012-09-03;Merlangius merlangus;17165.019842339912;408581.55974949873;20
2012-09-03;Merlangius merlangus;18538.703074605815;406507.25596910855;19
2012-09-03;Merlangius merlangus;19232.59481153381;405214.0687207628;10
2012-09-03;Merlangius merlangus;19933.831117710448;402265.69491391187;2
2012-09-04;Merlangius merlangus;21174.320399523946;411976.20188126335;7
2012-09-04;Merlangius merlangus;22749.775964280794;414395.4795235117;1
2012-09-04;Merlangius merlangus;23933.22840656886;415303.89782910066;2
2012-09-04;Merlangius merlangus;34043.019314546356;425513.524284311;21
2012-09-04;Merlangius merlangus;45667.5106001151;426430.7562146089;17
2012-09-04;Merlangius merlangus;52708.741074706646;432631.0024553087;1
2012-09-05;Merlangius merlangus;47048.34751492119;438154.1084967312;31
2012-09-05;Merlangius merlangus;49165.22546658249;436895.79114547896;12
2012-09-05;Merlangius merlangus;49616.02439103705;438134.9274505684;10
2012-09-05;Merlangius merlangus;53335.98708191066;435023.1102834703;9
2012-09-06;Merlangius merlangus;52293.739064480906;435098.9301064758;10
2012-09-06;Merlangius merlangus;53366.990946691105;429866.61897454294;14
2012-09-06;Merlangius merlangus;55039.9981768016;433399.62357394944;1
2012-09-06;Merlangius merlangus;55462.305059142105;434790.0540972876;10
2012-09-06;Merlangius merlangus;56950.304846158746;433352.93088833516;2
2012-09-06;Merlangius merlangus;59061.433805220935;430666.8371232871;1
2012-09-07;Merlangius merlangus;43107.0481554728;425129.4941230562;1
2012-09-07;Merlangius merlangus;52032.5627935526;433113.3816249782;7
2012-09-17;Merlangius merlangus;35350.46424030278;421546.7398691124;10
2012-09-17;Merlangius merlangus;37022.19362436437;424367.4473435047;1
2012-09-17;Merlangius merlangus;37852.088052691004;422817.7042738449;4
2012-09-18;Merlangius merlangus;25357.690127275768;406627.7559908206;2
2012-09-18;Merlangius merlangus;26633.10176127084;409737.1120310304;9
2012-09-18;Merlangius merlangus;28093.73767570725;407323.85457565816;4
2013-05-06;Merlangius merlangus;47910.236410401776;438909.0327687812;2
2013-05-07;Merlangius merlangus;46620.05817384212;426973.19710046105;1
2013-05-07;Merlangius merlangus;52056.202769371215;433090.6380570281;1
2013-05-07;Merlangius merlangus;53285.11601516913;435941.1415706647;1
2013-05-07;Merlangius merlangus;53380.88072304822;435029.98816424486;1
2013-05-13;Merlangius merlangus;53321.59974726515;429837.4930896385;2
2013-05-13;Merlangius merlangus;56165.03053384498;429576.9367361255;4
2013-05-14;Merlangius merlangus;34077.604796236454;425517.14212696266;7
2013-05-14;Merlangius merlangus;36268.4571371167;422348.5280403767;21
2013-05-14;Merlangius merlangus;36960.339888767194;421942.6779771418;2
2013-05-14;Merlangius merlangus;47722.76378534631;424260.7595670028;1
2013-05-15;Merlangius merlangus;25299.753521087157;406610.3255083321;12
2013-05-15;Merlangius merlangus;26194.95947437166;410928.0874349273;2
2013-05-15;Merlangius merlangus;26707.67306361934;409784.1837853673;11
2013-05-15;Merlangius merlangus;27835.631366499874;402799.3830510032;4
2013-05-15;Merlangius merlangus;33628.40278453888;408313.8097657235;1
2013-05-16;Merlangius merlangus;23171.787219130754;414401.0963474205;16
2013-05-16;Merlangius merlangus;28110.4512280535;407300.0608834433;1
2013-05-16;Merlangius merlangus;35893.77750459871;424508.7465216459;17
2013-05-16;Merlangius merlangus;36379.854850510805;427057.024150247;17
2013-05-16;Merlangius merlangus;36993.819914970634;424334.72625724063;21
2013-05-17;Merlangius merlangus;21736.12071155623;412862.85951527633;28
2013-05-17;Merlangius merlangus;36223.590875741414;408270.871823771;3
2013-05-21;Merlangius merlangus;27772.898499467585;403060.29077537864;35
2013-05-27;Merlangius merlangus;16417.7151378314;407719.391843046;17
2013-05-27;Merlangius merlangus;17821.723099639494;407142.2456124338;12
2013-05-27;Merlangius merlangus;19191.17612859854;406993.84637640376;4
2013-05-27;Merlangius merlangus;19778.286378413293;405642.3971706766;1
2013-05-27;Merlangius merlangus;22210.439501476503;413351.18763744837;3
2013-05-28;Merlangius merlangus;19907.4163773958;402263.0629554592;2
2013-05-28;Merlangius merlangus;26772.563587057608;402807.37102319713;14
2013-08-14;Merlangius merlangus;46956.20035745815;438061.5026680833;23
2013-08-14;Merlangius merlangus;49116.689707969956;436879.0124960393;15
2013-08-14;Merlangius merlangus;49649.08608109485;438234.3903034988;21
2013-08-14;Merlangius merlangus;55028.22769783749;433396.5201381603;14
2013-08-14;Merlangius merlangus;56949.03688543181;433358.51991192676;11
2013-08-14;Merlangius merlangus;57912.25388370581;430216.0311336646;17
2013-08-15;Merlangius merlangus;51078.74391024698;432291.76539029885;4
2013-08-15;Merlangius merlangus;51837.73215792373;431680.6850496949;9
2013-08-15;Merlangius merlangus;53315.79041366771;435993.93517119804;9
2013-08-15;Merlangius merlangus;54554.57251807164;435909.92126118345;10
2013-08-15;Merlangius merlangus;56244.40304700454;435378.8284198503;7
2013-08-15;Merlangius merlangus;57188.12317010564;430013.1174204432;19
2013-08-15;Merlangius merlangus;61022.13653534453;435266.7554080816;4
2013-08-16;Merlangius merlangus;37313.667227237704;427758.43275482167;14
2013-08-16;Merlangius merlangus;43120.41849837414;425110.27640845603;1
2013-08-16;Merlangius merlangus;46066.199503435375;426716.99461572693;22
2013-08-16;Merlangius merlangus;47834.26011143677;424311.7947006446;1
2013-08-16;Merlangius merlangus;54371.267095869785;430350.46383135853;6
2013-08-16;Merlangius merlangus;55139.03283211599;428935.1428880581;5
2013-08-19;Merlangius merlangus;35225.663469420906;425804.56014009373;17
2013-08-19;Merlangius merlangus;35853.883367717106;424485.20886667835;12
2013-08-19;Merlangius merlangus;36255.315092114004;422376.6627068805;2
2013-08-19;Merlangius merlangus;36978.33198003915;424321.7352248719;9
2013-08-19;Merlangius merlangus;53697.18327273047;430346.2464422465;14
2013-08-20;Merlangius merlangus;16419.882999452675;407722.67145236756;35
2013-08-20;Merlangius merlangus;19246.405170788785;405263.78425822506;28
2013-08-20;Merlangius merlangus;27838.354289091614;402824.91310736;34
2013-08-20;Merlangius merlangus;34268.057854256695;407357.99906572414;12
2013-08-20;Merlangius merlangus;36252.992860350656;408284.64680760156;1
2013-08-20;Merlangius merlangus;36979.169433672636;407218.09044816764;3
2013-08-21;Merlangius merlangus;18134.674959517346;406219.91046190285;8
2013-08-21;Merlangius merlangus;19962.77877618713;402259.35485936236;7
2013-08-21;Merlangius merlangus;21215.6952100654;412022.9628705821;10
2013-08-21;Merlangius merlangus;22737.44221690562;414373.5430867008;4
2013-08-21;Merlangius merlangus;24016.66731682312;415321.7582147428;16
2013-08-21;Merlangius merlangus;26648.21742366685;402769.3523364471;20
2013-08-22;Merlangius merlangus;16876.147536780307;406454.594799447;7
2013-08-22;Merlangius merlangus;26192.396626327813;405818.34773296776;4
2013-08-22;Merlangius merlangus;26454.45756513145;410656.5592050727;3
2013-08-22;Merlangius merlangus;26645.64385647299;409794.66849545634;20
2013-08-22;Merlangius merlangus;27424.09793354619;408309.0700833017;12
2015-10-12;Merlangius merlangus;47001.601991271775;437742.23146453156;21
2015-10-12;Merlangius merlangus;49801.98164972932;436180.12477487477;17
2015-10-12;Merlangius merlangus;54073.44649697105;434070.0413449364;6
2015-10-12;Merlangius merlangus;54258.03900398592;430134.62181692757;4
2015-10-13;Merlangius merlangus;44458.204672977765;430080.8896746255;1
2015-10-13;Merlangius merlangus;45892.196539950615;427341.77315313736;8
2015-10-14;Merlangius merlangus;18089.622096326028;412738.14533720433;25
2015-10-14;Merlangius merlangus;22484.285779125697;411062.2411299998;1
2015-10-14;Merlangius merlangus;24689.01641823846;404418.97567602823;3
2015-10-14;Merlangius merlangus;26416.552376908017;402872.0824641933;31
2015-10-14;Merlangius merlangus;26982.636829937503;420573.3563928477;24
2015-10-14;Merlangius merlangus;33865.26088022749;406156.77867886133;14
2015-10-15;Merlangius merlangus;27510.966518956673;415532.4628201191;4
2015-10-15;Merlangius merlangus;33463.92129332088;426273.21791592316;16
2015-10-15;Merlangius merlangus;34974.915996562355;422156.70228138944;1
2015-10-15;Merlangius merlangus;35493.3932070821;420734.2176228945;2
2015-10-15;Merlangius merlangus;39630.473526942835;433937.03084697697;8
2015-10-15;Merlangius merlangus;42348.614410344526;432298.08760017285;12
2015-10-15;Merlangius merlangus;49012.15697055812;428684.84768323234;11
2015-10-19;Merlangius merlangus;9700.845526513061;402157.0783641529;21
2015-10-19;Merlangius merlangus;38768.87501820734;427465.1602131335;9
2015-10-19;Merlangius merlangus;56317.24383017185;439033.0888763829;12
2015-10-20;Merlangius merlangus;11809.557793083222;398275.4986949081;3
2015-10-20;Merlangius merlangus;14206.065260967851;396278.0376208669;2
2015-10-20;Merlangius merlangus;17744.17489159538;394084.8192626354;15
2016-09-26;Merlangius merlangus;42631.97905440109;432644.5155647669;5
2016-09-26;Merlangius merlangus;46117.156865390396;427634.02404033416;24
2016-09-26;Merlangius merlangus;49228.65711833777;439437.4002686476;2
2016-09-26;Merlangius merlangus;54237.19656767053;434233.66920793423;2
2016-09-27;Merlangius merlangus;10113.42609721978;402423.495268701;19
2016-09-27;Merlangius merlangus;14040.163630500203;396153.5447028676;7
2016-09-27;Merlangius merlangus;18754.002898460836;392054.02703999914;18
2016-09-27;Merlangius merlangus;27703.15575006805;403043.1294583027;2
2016-10-03;Merlangius merlangus;38876.54656123872;427647.4127004526;5
2016-10-03;Merlangius merlangus;55375.42725936022;439515.83581837255;12
2016-10-04;Merlangius merlangus;11608.609030953405;398114.23358703713;24
2016-10-04;Merlangius merlangus;24696.76614363509;406514.5781565605;16
2016-10-04;Merlangius merlangus;29902.510553996573;413450.10017253226;1
2016-10-04;Merlangius merlangus;39975.04371451888;419424.2608708929;14
2016-10-05;Merlangius merlangus;20862.87923445864;409063.8564792486;1
2016-10-05;Merlangius merlangus;26103.015273377823;419482.8383063232;18
2016-10-05;Merlangius merlangus;27402.611536960074;415349.33959861635;3
2016-10-05;Merlangius merlangus;34221.23719552791;427183.1360901876;12
2016-10-05;Merlangius merlangus;35199.3886998231;420481.9048341814;3
2016-10-05;Merlangius merlangus;36618.41633712227;423545.5855811888;2
2016-10-06;Merlangius merlangus;40455.917609045035;434882.9865093046;4
2016-10-06;Merlangius merlangus;44387.69093480376;430008.9943963569;4
2016-10-06;Merlangius merlangus;50229.73841324588;429215.6768675794;2
2016-10-06;Merlangius merlangus;50693.50728596802;437107.39721762354;12
2016-10-06;Merlangius merlangus;53734.14377589889;430367.7560577222;3
2017-10-30;Merlangius merlangus;50066.68409085208;436230.2078274634;8
2017-10-31;Merlangius merlangus;9852.819651204685;401799.84361672564;21
2017-10-31;Merlangius merlangus;12375.475983622047;398240.56390718644;23
2017-10-31;Merlangius merlangus;14791.6131361702;396967.4498652247;23
2017-10-31;Merlangius merlangus;18295.42126638131;392641.84395437327;18
2017-10-31;Merlangius merlangus;24711.25151900496;405735.0944065583;6
2017-10-31;Merlangius merlangus;27734.533654322455;402913.2311812922;18
2017-11-01;Merlangius merlangus;18404.553128680505;413303.9301679024;20
2017-11-01;Merlangius merlangus;21674.239988503658;410081.89290755836;21
2017-11-01;Merlangius merlangus;26981.67271791771;420535.5384931754;15
2017-11-01;Merlangius merlangus;27475.718328269955;415941.8292318174;10
2017-11-01;Merlangius merlangus;30896.522351397056;412164.4794728123;16
2017-11-01;Merlangius merlangus;33781.64883972194;406510.4804853683;8
2017-11-01;Merlangius merlangus;35670.362822505645;420915.871991946;7
2017-11-01;Merlangius merlangus;36161.675307126265;423203.5763128316;19
2017-11-02;Merlangius merlangus;34068.316114061876;427019.8770188816;9
2017-11-02;Merlangius merlangus;38170.016892559506;426922.6103324399;9
2017-11-02;Merlangius merlangus;39538.432900320826;419452.0848700814;3
2017-11-02;Merlangius merlangus;39798.55376454734;434267.04149615107;18
2017-11-02;Merlangius merlangus;42287.301531313045;432114.7222719059;18
2017-11-02;Merlangius merlangus;44075.600947224186;429922.41129652853;8
2017-11-02;Merlangius merlangus;45946.988583716826;427229.2914429987;11
2017-11-06;Merlangius merlangus;49346.063378311446;428695.6021913683;13
2017-11-06;Merlangius merlangus;52714.4247229802;430480.8437525012;1
2017-11-06;Merlangius merlangus;53549.66095388953;433710.0520668239;12
2017-11-06;Merlangius merlangus;55593.34020914085;438955.0694449768;11
2018-10-25;Merlangius merlangus;42156.40343052846;431931.81255655695;12
2018-10-25;Merlangius merlangus;43496.090647020974;429156.238639315;15
2018-10-25;Merlangius merlangus;45695.9116022392;427290.4046601002;18
2018-10-25;Merlangius merlangus;47012.47878527826;437704.15782882407;7
2018-10-25;Merlangius merlangus;50202.34683234125;428993.6757251676;20
2018-10-25;Merlangius merlangus;54351.03153350146;434175.73547546036;15
2018-10-29;Merlangius merlangus;35817.474780041855;422748.7504021112;5
2018-10-29;Merlangius merlangus;37951.48791935459;426927.7077821146;20
2018-10-29;Merlangius merlangus;50430.16499385022;436593.18310594145;15
2018-10-29;Merlangius merlangus;55586.22549787814;438009.2870036983;18
2018-10-30;Merlangius merlangus;24707.158954870203;406032.37465412216;15
2018-10-30;Merlangius merlangus;27652.17264093533;417012.518374523;6
2018-10-30;Merlangius merlangus;27760.646403215374;403041.67901593883;13
2018-10-30;Merlangius merlangus;30310.677629605038;412253.5302952553;13
2018-10-30;Merlangius merlangus;33676.93888099065;406476.2726964043;17
2018-10-31;Merlangius merlangus;6731.255599775759;385583.05635209545;10
2018-10-31;Merlangius merlangus;8949.69043457153;391752.1002575654;8
2018-10-31;Merlangius merlangus;9732.950794807723;402453.3587697444;17
2018-10-31;Merlangius merlangus;12366.475244584697;399150.2217048306;17
2018-10-31;Merlangius merlangus;13844.290002478985;384137.74003549945;11
2018-10-31;Merlangius merlangus;14591.734510527458;396842.77000171604;13
2018-10-31;Merlangius merlangus;18192.81092770584;392700.2706474712;14
2018-11-01;Merlangius merlangus;17883.593282962684;413225.71619967214;10
2018-11-01;Merlangius merlangus;26877.680302069057;420520.38246533065;8
2018-11-01;Merlangius merlangus;33842.15588976396;426709.2533524597;5
2018-11-01;Merlangius merlangus;35237.880782938824;420647.9299838112;4
2018-11-01;Merlangius merlangus;53743.965727185234;430274.0780273139;2
