FID;date;species;n;X;Y
0;5-1-2005 0:00:00;Clupea harengus;1;63963.800000000003000;430152.000000000000000
1;5-1-2005 0:00:00;Clupea harengus;1;64019.300000000003000;430021.000000000000000
2;18-1-2005 0:00:00;Clupea harengus;1;64019.300000000003000;430021.000000000000000
3;26-1-2005 0:00:00;Clupea harengus;1;63963.800000000003000;430152.000000000000000
4;26-1-2005 0:00:00;Clupea harengus;1;64019.300000000003000;430021.000000000000000
5;8-2-2005 0:00:00;Clupea harengus;1;63963.800000000003000;430152.000000000000000
6;8-2-2005 0:00:00;Clupea harengus;1;64019.300000000003000;430021.000000000000000
7;28-2-2005 0:00:00;Clupea harengus;1;63963.800000000003000;430152.000000000000000
8;28-2-2005 0:00:00;Clupea harengus;1;64019.300000000003000;430021.000000000000000
9;15-3-2005 0:00:00;Clupea harengus;1;63963.800000000003000;430152.000000000000000
10;15-3-2005 0:00:00;Clupea harengus;1;64019.300000000003000;430021.000000000000000
11;29-3-2005 0:00:00;Clupea harengus;1;63963.800000000003000;430152.000000000000000
12;29-3-2005 0:00:00;Clupea harengus;1;64019.300000000003000;430021.000000000000000
13;12-4-2005 0:00:00;Clupea harengus;1;63963.800000000003000;430152.000000000000000
14;12-4-2005 0:00:00;Clupea harengus;1;64019.300000000003000;430021.000000000000000
15;11-5-2005 0:00:00;Clupea harengus;1;63963.800000000003000;430152.000000000000000
16;11-5-2005 0:00:00;Clupea harengus;1;64019.300000000003000;430021.000000000000000
17;17-5-2005 0:00:00;Clupea harengus;1;65313.099999999999000;444502.000000000000000
18;23-5-2005 0:00:00;Clupea harengus;2;50886.599999999999000;430407.000000000000000
19;23-5-2005 0:00:00;Clupea harengus;2;53196.300000000003000;429878.000000000000000
20;23-5-2005 0:00:00;Clupea harengus;5;54896.400000000001000;431624.000000000000000
21;23-5-2005 0:00:00;Clupea harengus;7;55988.900000000001000;436906.000000000000000
22;23-5-2005 0:00:00;Clupea harengus;3;57272.199999999997000;437420.000000000000000
23;23-5-2005 0:00:00;Clupea harengus;16;57719.000000000000000;430307.000000000000000
24;24-5-2005 0:00:00;Clupea harengus;4;56755.000000000000000;439711.000000000000000
25;24-5-2005 0:00:00;Clupea harengus;1;65313.099999999999000;444502.000000000000000
26;25-5-2005 0:00:00;Clupea harengus;1;24040.799999999999000;403471.000000000000000
27;25-5-2005 0:00:00;Clupea harengus;1;24717.500000000000000;409112.000000000000000
28;25-5-2005 0:00:00;Clupea harengus;14;52245.599999999999000;431715.000000000000000
29;25-5-2005 0:00:00;Clupea harengus;14;52659.699999999997000;433431.000000000000000
30;25-5-2005 0:00:00;Clupea harengus;3;54589.199999999997000;435748.000000000000000
31;25-5-2005 0:00:00;Clupea harengus;5;54942.599999999999000;433348.000000000000000
32;25-5-2005 0:00:00;Clupea harengus;15;58819.800000000003000;430824.000000000000000
33;25-5-2005 0:00:00;Clupea harengus;1;63963.800000000003000;430152.000000000000000
34;25-5-2005 0:00:00;Clupea harengus;1;64019.300000000003000;430021.000000000000000
35;26-5-2005 0:00:00;Clupea harengus;2;16670.599999999999000;408102.000000000000000
36;26-5-2005 0:00:00;Clupea harengus;1;20445.400000000001000;407276.000000000000000
37;26-5-2005 0:00:00;Clupea harengus;6;56963.300000000003000;433382.000000000000000
38;26-5-2005 0:00:00;Clupea harengus;9;58125.400000000001000;438831.000000000000000
39;26-5-2005 0:00:00;Clupea harengus;1;58914.099999999999000;441709.000000000000000
40;26-5-2005 0:00:00;Clupea harengus;4;59266.900000000001000;440386.000000000000000
41;26-5-2005 0:00:00;Clupea harengus;11;59603.900000000001000;440026.000000000000000
42;26-5-2005 0:00:00;Clupea harengus;5;59750.199999999997000;441674.000000000000000
43;27-5-2005 0:00:00;Clupea harengus;1;53320.699999999997000;435996.000000000000000
44;27-5-2005 0:00:00;Clupea harengus;17;55212.400000000001000;429020.000000000000000
45;27-5-2005 0:00:00;Clupea harengus;1;56758.199999999997000;443365.000000000000000
46;27-5-2005 0:00:00;Clupea harengus;9;59238.900000000001000;439496.000000000000000
47;30-5-2005 0:00:00;Clupea harengus;10;59709.500000000000000;434739.000000000000000
48;31-5-2005 0:00:00;Clupea harengus;6;42308.099999999999000;424361.000000000000000
49;31-5-2005 0:00:00;Clupea harengus;5;45653.500000000000000;426420.000000000000000
50;3-6-2005 0:00:00;Clupea harengus;1;28060.299999999999000;407152.000000000000000
51;7-6-2005 0:00:00;Clupea harengus;1;65313.099999999999000;444502.000000000000000
52;13-6-2005 0:00:00;Clupea harengus;1;63963.800000000003000;430152.000000000000000
53;13-6-2005 0:00:00;Clupea harengus;1;64019.300000000003000;430021.000000000000000
54;29-8-2005 0:00:00;Clupea harengus;2;58147.000000000000000;438775.000000000000000
55;29-8-2005 0:00:00;Clupea harengus;6;59192.800000000003000;439497.000000000000000
56;29-8-2005 0:00:00;Clupea harengus;3;60113.800000000003000;440907.000000000000000
57;31-8-2005 0:00:00;Clupea harengus;4;57464.699999999997000;430238.000000000000000
58;1-9-2005 0:00:00;Clupea harengus;2;59995.500000000000000;434677.000000000000000
59;5-9-2005 0:00:00;Clupea harengus;1;20398.299999999999000;411989.000000000000000
60;15-5-2007 0:00:00;Clupea harengus;2;55046.599999999999000;433383.000000000000000
61;24-5-2007 0:00:00;Clupea harengus;3;52022.800000000003000;433108.000000000000000
62;24-5-2007 0:00:00;Clupea harengus;1;55108.400000000001000;439335.000000000000000
63;24-5-2007 0:00:00;Clupea harengus;1;55289.599999999999000;442693.000000000000000
64;24-5-2007 0:00:00;Clupea harengus;2;57048.900000000001000;436701.000000000000000
65;24-5-2007 0:00:00;Clupea harengus;4;58921.099999999999000;440393.000000000000000
66;24-5-2007 0:00:00;Clupea harengus;5;60122.099999999999000;441524.000000000000000
67;25-5-2007 0:00:00;Clupea harengus;3;52689.400000000001000;432629.000000000000000
68;25-5-2007 0:00:00;Clupea harengus;6;53323.699999999997000;429840.000000000000000
69;25-5-2007 0:00:00;Clupea harengus;5;53698.500000000000000;430989.000000000000000
70;25-5-2007 0:00:00;Clupea harengus;7;55118.199999999997000;428927.000000000000000
71;25-5-2007 0:00:00;Clupea harengus;7;56122.300000000003000;429541.000000000000000
72;25-5-2007 0:00:00;Clupea harengus;6;57810.199999999997000;430357.000000000000000
73;30-5-2007 0:00:00;Clupea harengus;1;36252.199999999997000;422360.000000000000000
74;30-5-2007 0:00:00;Clupea harengus;3;36965.500000000000000;421957.000000000000000
75;30-5-2007 0:00:00;Clupea harengus;3;37794.800000000003000;425180.000000000000000
76;31-5-2007 0:00:00;Clupea harengus;1;19156.299999999999000;406984.000000000000000
77;31-5-2007 0:00:00;Clupea harengus;4;19224.500000000000000;405222.000000000000000
78;31-5-2007 0:00:00;Clupea harengus;4;19918.799999999999000;402249.000000000000000
79;1-6-2007 0:00:00;Clupea harengus;6;25268.700000000001000;410353.000000000000000
80;1-6-2007 0:00:00;Clupea harengus;3;25291.700000000001000;406621.000000000000000
81;1-6-2007 0:00:00;Clupea harengus;1;26461.200000000001000;410649.000000000000000
82;1-6-2007 0:00:00;Clupea harengus;3;28125.900000000001000;407309.000000000000000
83;1-6-2007 0:00:00;Clupea harengus;2;34266.300000000003000;407369.000000000000000
84;1-6-2007 0:00:00;Clupea harengus;2;35861.500000000000000;406805.000000000000000
85;1-6-2007 0:00:00;Clupea harengus;4;36235.900000000001000;408294.000000000000000
86;20-8-2007 0:00:00;Clupea harengus;11;53548.699999999997000;435360.000000000000000
87;20-8-2007 0:00:00;Clupea harengus;7;54712.199999999997000;434466.000000000000000
88;20-8-2007 0:00:00;Clupea harengus;7;55241.800000000003000;433398.000000000000000
89;20-8-2007 0:00:00;Clupea harengus;1;56028.199999999997000;438334.000000000000000
90;20-8-2007 0:00:00;Clupea harengus;6;57869.199999999997000;440413.000000000000000
91;20-8-2007 0:00:00;Clupea harengus;4;58029.099999999999000;443933.000000000000000
92;21-8-2007 0:00:00;Clupea harengus;8;51746.400000000001000;433097.000000000000000
93;21-8-2007 0:00:00;Clupea harengus;8;51915.099999999999000;431257.000000000000000
94;21-8-2007 0:00:00;Clupea harengus;10;52129.500000000000000;434981.000000000000000
95;21-8-2007 0:00:00;Clupea harengus;9;54750.199999999997000;439212.000000000000000
96;21-8-2007 0:00:00;Clupea harengus;1;55706.199999999997000;444628.000000000000000
97;23-8-2007 0:00:00;Clupea harengus;5;56073.400000000001000;429579.000000000000000
98;23-8-2007 0:00:00;Clupea harengus;7;57096.599999999999000;437237.000000000000000
99;23-8-2007 0:00:00;Clupea harengus;9;57263.900000000001000;441704.000000000000000
100;23-8-2007 0:00:00;Clupea harengus;10;59443.099999999999000;430986.000000000000000
101;24-8-2007 0:00:00;Clupea harengus;6;55406.400000000001000;429208.000000000000000
102;24-8-2007 0:00:00;Clupea harengus;8;56708.900000000001000;437714.000000000000000
103;24-8-2007 0:00:00;Clupea harengus;6;59254.000000000000000;439569.000000000000000
104;24-8-2007 0:00:00;Clupea harengus;4;59673.500000000000000;440175.000000000000000
105;24-8-2007 0:00:00;Clupea harengus;4;59910.800000000003000;441909.000000000000000
106;24-8-2007 0:00:00;Clupea harengus;8;60143.000000000000000;441537.000000000000000
107;5-9-2007 0:00:00;Clupea harengus;1;16011.299999999999000;407296.000000000000000
108;5-9-2007 0:00:00;Clupea harengus;5;24347.700000000001000;415929.000000000000000
109;5-9-2007 0:00:00;Clupea harengus;1;36311.000000000000000;426098.000000000000000
110;6-9-2007 0:00:00;Clupea harengus;4;19276.400000000001000;406196.000000000000000
111;6-9-2007 0:00:00;Clupea harengus;5;21730.599999999999000;402838.000000000000000
112;6-9-2007 0:00:00;Clupea harengus;3;25243.099999999999000;406616.000000000000000
113;6-9-2007 0:00:00;Clupea harengus;5;26610.500000000000000;409720.000000000000000
114;6-9-2007 0:00:00;Clupea harengus;4;28273.099999999999000;407212.000000000000000
115;6-9-2007 0:00:00;Clupea harengus;11;34145.800000000003000;407168.000000000000000
116;7-9-2007 0:00:00;Clupea harengus;4;26416.500000000000000;410577.000000000000000
117;7-9-2007 0:00:00;Clupea harengus;7;27830.200000000001000;411091.000000000000000
118;7-9-2007 0:00:00;Clupea harengus;7;35613.699999999997000;406667.000000000000000
119;7-9-2007 0:00:00;Clupea harengus;8;36296.699999999997000;408022.000000000000000
120;13-5-2009 0:00:00;Clupea harengus;4;53675.800000000003000;430313.000000000000000
121;13-5-2009 0:00:00;Clupea harengus;7;57845.800000000003000;430342.000000000000000
122;14-5-2009 0:00:00;Clupea harengus;3;50227.000000000000000;428360.000000000000000
123;14-5-2009 0:00:00;Clupea harengus;5;54660.699999999997000;434128.000000000000000
124;14-5-2009 0:00:00;Clupea harengus;5;55037.699999999997000;433389.000000000000000
125;14-5-2009 0:00:00;Clupea harengus;12;55153.099999999999000;428948.000000000000000
126;14-5-2009 0:00:00;Clupea harengus;17;56118.500000000000000;429522.000000000000000
127;14-5-2009 0:00:00;Clupea harengus;5;56975.300000000003000;433400.000000000000000
128;15-5-2009 0:00:00;Clupea harengus;4;43966.500000000000000;422376.000000000000000
129;15-5-2009 0:00:00;Clupea harengus;12;45642.000000000000000;426401.000000000000000
130;15-5-2009 0:00:00;Clupea harengus;1;48223.000000000000000;429926.000000000000000
131;19-5-2009 0:00:00;Clupea harengus;7;42288.500000000000000;427696.000000000000000
132;19-5-2009 0:00:00;Clupea harengus;3;59960.400000000001000;434569.000000000000000
133;20-5-2009 0:00:00;Clupea harengus;2;32609.000000000000000;417145.000000000000000
134;20-5-2009 0:00:00;Clupea harengus;3;32971.099999999999000;419877.000000000000000
135;28-5-2009 0:00:00;Clupea harengus;3;25281.900000000001000;410355.000000000000000
136;28-5-2009 0:00:00;Clupea harengus;6;25364.700000000001000;408434.000000000000000
137;28-5-2009 0:00:00;Clupea harengus;7;26560.900000000001000;410679.000000000000000
138;28-5-2009 0:00:00;Clupea harengus;2;28104.700000000001000;407292.000000000000000
139;28-5-2009 0:00:00;Clupea harengus;1;35847.099999999999000;406783.000000000000000
140;29-5-2009 0:00:00;Clupea harengus;2;19157.400000000001000;406975.000000000000000
141;29-5-2009 0:00:00;Clupea harengus;9;21545.500000000000000;405166.000000000000000
142;10-8-2009 0:00:00;Clupea harengus;4;50325.500000000000000;438991.000000000000000
143;11-8-2009 0:00:00;Clupea harengus;5;52659.800000000003000;432628.000000000000000
144;11-8-2009 0:00:00;Clupea harengus;2;53343.699999999997000;435064.000000000000000
145;11-8-2009 0:00:00;Clupea harengus;9;54686.699999999997000;434156.000000000000000
146;11-8-2009 0:00:00;Clupea harengus;8;55006.800000000003000;433391.000000000000000
147;11-8-2009 0:00:00;Clupea harengus;7;56965.699999999997000;433367.000000000000000
148;11-8-2009 0:00:00;Clupea harengus;14;57808.199999999997000;430357.000000000000000
149;12-8-2009 0:00:00;Clupea harengus;6;42340.800000000003000;424373.000000000000000
150;12-8-2009 0:00:00;Clupea harengus;4;45659.699999999997000;426420.000000000000000
151;12-8-2009 0:00:00;Clupea harengus;2;46638.099999999999000;431123.000000000000000
152;12-8-2009 0:00:00;Clupea harengus;8;50221.500000000000000;428362.000000000000000
153;12-8-2009 0:00:00;Clupea harengus;14;56111.699999999997000;429528.000000000000000
154;13-8-2009 0:00:00;Clupea harengus;17;55147.800000000003000;428959.000000000000000
155;14-8-2009 0:00:00;Clupea harengus;2;44583.800000000003000;429304.000000000000000
156;14-8-2009 0:00:00;Clupea harengus;8;53297.099999999999000;429820.000000000000000
157;18-8-2009 0:00:00;Clupea harengus;4;21732.400000000001000;412877.000000000000000
158;18-8-2009 0:00:00;Clupea harengus;3;23180.000000000000000;414451.000000000000000
159;18-8-2009 0:00:00;Clupea harengus;2;31524.400000000001000;417166.000000000000000
160;19-8-2009 0:00:00;Clupea harengus;1;17133.799999999999000;408579.000000000000000
161;20-8-2009 0:00:00;Clupea harengus;14;26658.500000000000000;409783.000000000000000
162;21-5-2010 0:00:00;Clupea harengus;3;56935.400000000001000;433365.000000000000000
163;21-5-2010 0:00:00;Clupea harengus;2;59960.900000000001000;434559.000000000000000
164;25-5-2010 0:00:00;Clupea harengus;3;56152.300000000003000;429560.000000000000000
165;26-5-2010 0:00:00;Clupea harengus;4;57848.099999999999000;430356.000000000000000
166;27-5-2010 0:00:00;Clupea harengus;1;45646.699999999997000;426455.000000000000000
167;27-5-2010 0:00:00;Clupea harengus;1;45630.500000000000000;423560.000000000000000
168;27-5-2010 0:00:00;Clupea harengus;1;48202.699999999997000;429879.000000000000000
169;27-5-2010 0:00:00;Clupea harengus;2;51983.900000000001000;433091.000000000000000
170;27-5-2010 0:00:00;Clupea harengus;4;53705.199999999997000;430333.000000000000000
171;28-5-2010 0:00:00;Clupea harengus;2;55085.900000000001000;428967.000000000000000
172;1-6-2010 0:00:00;Clupea harengus;2;50154.199999999997000;428341.000000000000000
173;1-6-2010 0:00:00;Clupea harengus;1;53316.400000000001000;429851.000000000000000
174;2-6-2010 0:00:00;Clupea harengus;3;36250.900000000001000;422338.000000000000000
175;2-6-2010 0:00:00;Clupea harengus;6;36970.599999999999000;421966.000000000000000
176;10-6-2010 0:00:00;Clupea harengus;4;36233.800000000003000;408291.000000000000000
177;2-8-2010 0:00:00;Clupea harengus;8;54995.599999999999000;433350.000000000000000
178;2-8-2010 0:00:00;Clupea harengus;13;56265.699999999997000;435375.000000000000000
179;2-8-2010 0:00:00;Clupea harengus;28;56985.400000000001000;433387.000000000000000
180;2-8-2010 0:00:00;Clupea harengus;15;57870.500000000000000;430195.000000000000000
181;3-8-2010 0:00:00;Clupea harengus;2;52063.000000000000000;433087.000000000000000
182;4-8-2010 0:00:00;Clupea harengus;13;56141.599999999999000;429544.000000000000000
183;4-8-2010 0:00:00;Clupea harengus;11;57865.099999999999000;430167.000000000000000
184;5-8-2010 0:00:00;Clupea harengus;11;48178.000000000000000;429916.000000000000000
185;5-8-2010 0:00:00;Clupea harengus;6;53371.300000000003000;436084.000000000000000
186;5-8-2010 0:00:00;Clupea harengus;5;53388.300000000003000;435058.000000000000000
187;5-8-2010 0:00:00;Clupea harengus;13;53686.599999999999000;430333.000000000000000
188;6-8-2010 0:00:00;Clupea harengus;5;44020.400000000001000;422377.000000000000000
189;6-8-2010 0:00:00;Clupea harengus;2;45667.300000000003000;426423.000000000000000
190;6-8-2010 0:00:00;Clupea harengus;4;45622.900000000001000;423594.000000000000000
191;6-8-2010 0:00:00;Clupea harengus;10;53352.900000000001000;429850.000000000000000
192;6-8-2010 0:00:00;Clupea harengus;12;55139.099999999999000;428938.000000000000000
193;9-8-2010 0:00:00;Clupea harengus;1;44626.099999999999000;429347.000000000000000
194;9-8-2010 0:00:00;Clupea harengus;2;46738.000000000000000;431152.000000000000000
195;11-8-2010 0:00:00;Clupea harengus;6;30258.299999999999000;417892.000000000000000
196;11-8-2010 0:00:00;Clupea harengus;9;34045.300000000003000;425493.000000000000000
197;11-8-2010 0:00:00;Clupea harengus;3;37788.900000000001000;425193.000000000000000
198;12-8-2010 0:00:00;Clupea harengus;2;29612.099999999999000;416422.000000000000000
199;12-8-2010 0:00:00;Clupea harengus;6;34947.800000000003000;423995.000000000000000
200;12-8-2010 0:00:00;Clupea harengus;4;36962.900000000001000;421935.000000000000000
201;13-8-2010 0:00:00;Clupea harengus;12;22203.900000000001000;413312.000000000000000
202;13-8-2010 0:00:00;Clupea harengus;3;23197.700000000001000;414466.000000000000000
203;13-8-2010 0:00:00;Clupea harengus;7;25391.900000000001000;410380.000000000000000
204;13-8-2010 0:00:00;Clupea harengus;5;26459.900000000001000;410651.000000000000000
205;13-8-2010 0:00:00;Clupea harengus;5;27803.900000000001000;410296.000000000000000
206;18-8-2010 0:00:00;Clupea harengus;4;21080.500000000000000;402632.000000000000000
207;18-8-2010 0:00:00;Clupea harengus;4;25282.700000000001000;406619.000000000000000
208;18-8-2010 0:00:00;Clupea harengus;4;28110.000000000000000;407281.000000000000000
209;16-5-2011 0:00:00;Clupea harengus;3;56138.400000000001000;429553.000000000000000
210;16-5-2011 0:00:00;Clupea harengus;1;57870.000000000000000;430167.000000000000000
211;16-5-2011 0:00:00;Clupea harengus;1;59858.400000000001000;433875.000000000000000
212;17-5-2011 0:00:00;Clupea harengus;1;54799.099999999999000;430307.000000000000000
213;17-5-2011 0:00:00;Clupea harengus;3;56973.099999999999000;433391.000000000000000
214;18-5-2011 0:00:00;Clupea harengus;1;51017.599999999999000;432300.000000000000000
215;18-5-2011 0:00:00;Clupea harengus;2;52712.199999999997000;432632.000000000000000
216;18-5-2011 0:00:00;Clupea harengus;2;53313.599999999999000;429849.000000000000000
217;18-5-2011 0:00:00;Clupea harengus;2;55016.500000000000000;433361.000000000000000
218;18-5-2011 0:00:00;Clupea harengus;2;55110.199999999997000;434570.000000000000000
219;18-5-2011 0:00:00;Clupea harengus;6;55119.800000000003000;428938.000000000000000
220;19-5-2011 0:00:00;Clupea harengus;4;46689.199999999997000;427044.000000000000000
221;19-5-2011 0:00:00;Clupea harengus;5;47136.900000000001000;429357.000000000000000
222;30-5-2011 0:00:00;Clupea harengus;3;19297.200000000001000;405270.000000000000000
223;30-5-2011 0:00:00;Clupea harengus;4;19935.799999999999000;402237.000000000000000
224;30-5-2011 0:00:00;Clupea harengus;1;21746.799999999999000;412874.000000000000000
225;31-5-2011 0:00:00;Clupea harengus;4;30387.700000000001000;416671.000000000000000
226;31-5-2011 0:00:00;Clupea harengus;5;34234.800000000003000;407355.000000000000000
227;1-6-2011 0:00:00;Clupea harengus;3;25279.299999999999000;410361.000000000000000
228;1-6-2011 0:00:00;Clupea harengus;4;30251.299999999999000;417888.000000000000000
229;1-6-2011 0:00:00;Clupea harengus;2;35334.400000000001000;422756.000000000000000
230;1-6-2011 0:00:00;Clupea harengus;4;35366.199999999997000;421539.000000000000000
231;1-6-2011 0:00:00;Clupea harengus;4;36981.300000000003000;407221.000000000000000
232;1-6-2011 0:00:00;Clupea harengus;4;42320.699999999997000;424368.000000000000000
233;14-6-2011 0:00:00;Clupea harengus;1;26123.299999999999000;402108.000000000000000
234;14-6-2011 0:00:00;Clupea harengus;3;28130.000000000000000;407306.000000000000000
235;14-6-2011 0:00:00;Clupea harengus;4;36251.199999999997000;408298.000000000000000
236;14-6-2011 0:00:00;Clupea harengus;1;37364.000000000000000;427815.000000000000000
237;15-6-2011 0:00:00;Clupea harengus;2;32907.000000000000000;419826.000000000000000
238;26-4-2012 0:00:00;Clupea harengus;4;52608.099999999999000;432625.000000000000000
239;26-4-2012 0:00:00;Clupea harengus;4;54334.300000000003000;430329.000000000000000
240;26-4-2012 0:00:00;Clupea harengus;6;55107.500000000000000;428944.000000000000000
241;26-4-2012 0:00:00;Clupea harengus;18;59033.800000000003000;430664.000000000000000
242;27-4-2012 0:00:00;Clupea harengus;1;53314.199999999997000;436016.000000000000000
243;27-4-2012 0:00:00;Clupea harengus;22;56174.400000000001000;429563.000000000000000
244;27-4-2012 0:00:00;Clupea harengus;6;56952.099999999999000;433375.000000000000000
245;1-5-2012 0:00:00;Clupea harengus;1;49189.500000000000000;436905.000000000000000
246;1-5-2012 0:00:00;Clupea harengus;3;51018.300000000003000;432269.000000000000000
247;1-5-2012 0:00:00;Clupea harengus;3;53352.599999999999000;435027.000000000000000
248;1-5-2012 0:00:00;Clupea harengus;4;60998.000000000000000;435189.000000000000000
249;2-5-2012 0:00:00;Clupea harengus;2;35376.500000000000000;421568.000000000000000
250;2-5-2012 0:00:00;Clupea harengus;1;37832.699999999997000;422785.000000000000000
251;2-5-2012 0:00:00;Clupea harengus;7;42324.800000000003000;424336.000000000000000
252;2-5-2012 0:00:00;Clupea harengus;2;45662.099999999999000;423906.000000000000000
253;2-5-2012 0:00:00;Clupea harengus;2;46652.099999999999000;427019.000000000000000
254;2-5-2012 0:00:00;Clupea harengus;6;53641.300000000003000;430310.000000000000000
255;3-5-2012 0:00:00;Clupea harengus;1;27810.400000000001000;410279.000000000000000
256;3-5-2012 0:00:00;Clupea harengus;1;34263.699999999997000;407377.000000000000000
257;4-5-2012 0:00:00;Clupea harengus;4;26191.000000000000000;405818.000000000000000
258;11-5-2012 0:00:00;Clupea harengus;1;36236.099999999999000;408302.000000000000000
259;11-5-2012 0:00:00;Clupea harengus;1;36939.400000000001000;407233.000000000000000
260;15-5-2012 0:00:00;Clupea harengus;1;23280.299999999999000;414504.000000000000000
261;30-8-2012 0:00:00;Clupea harengus;7;34258.099999999999000;407377.000000000000000
262;30-8-2012 0:00:00;Clupea harengus;3;36091.699999999997000;408342.000000000000000
263;3-9-2012 0:00:00;Clupea harengus;3;16824.599999999999000;406395.000000000000000
264;3-9-2012 0:00:00;Clupea harengus;8;18538.700000000001000;406507.000000000000000
265;3-9-2012 0:00:00;Clupea harengus;3;19232.599999999999000;405214.000000000000000
266;3-9-2012 0:00:00;Clupea harengus;11;19933.799999999999000;402266.000000000000000
267;4-9-2012 0:00:00;Clupea harengus;4;21174.299999999999000;411976.000000000000000
268;4-9-2012 0:00:00;Clupea harengus;9;22749.799999999999000;414395.000000000000000
269;4-9-2012 0:00:00;Clupea harengus;4;23933.200000000001000;415304.000000000000000
270;4-9-2012 0:00:00;Clupea harengus;6;34043.000000000000000;425514.000000000000000
271;4-9-2012 0:00:00;Clupea harengus;10;45667.500000000000000;426431.000000000000000
272;4-9-2012 0:00:00;Clupea harengus;6;52708.699999999997000;432631.000000000000000
273;4-9-2012 0:00:00;Clupea harengus;3;55109.300000000003000;428928.000000000000000
274;5-9-2012 0:00:00;Clupea harengus;2;47048.400000000001000;438154.000000000000000
275;5-9-2012 0:00:00;Clupea harengus;6;49165.199999999997000;436896.000000000000000
276;5-9-2012 0:00:00;Clupea harengus;6;49616.000000000000000;438135.000000000000000
277;5-9-2012 0:00:00;Clupea harengus;6;53336.000000000000000;435023.000000000000000
278;5-9-2012 0:00:00;Clupea harengus;13;54756.000000000000000;430323.000000000000000
279;6-9-2012 0:00:00;Clupea harengus;3;52293.699999999997000;435099.000000000000000
280;6-9-2012 0:00:00;Clupea harengus;4;53367.000000000000000;429867.000000000000000
281;6-9-2012 0:00:00;Clupea harengus;5;55040.000000000000000;433400.000000000000000
282;6-9-2012 0:00:00;Clupea harengus;2;55462.300000000003000;434790.000000000000000
283;6-9-2012 0:00:00;Clupea harengus;4;56950.300000000003000;433353.000000000000000
284;6-9-2012 0:00:00;Clupea harengus;2;59061.400000000001000;430667.000000000000000
285;6-9-2012 0:00:00;Clupea harengus;3;61039.000000000000000;435322.000000000000000
286;7-9-2012 0:00:00;Clupea harengus;4;43107.099999999999000;425129.000000000000000
287;7-9-2012 0:00:00;Clupea harengus;2;52032.599999999999000;433113.000000000000000
288;17-9-2012 0:00:00;Clupea harengus;5;27485.400000000001000;411250.000000000000000
289;17-9-2012 0:00:00;Clupea harengus;3;35350.500000000000000;421547.000000000000000
290;17-9-2012 0:00:00;Clupea harengus;5;37022.199999999997000;424367.000000000000000
291;17-9-2012 0:00:00;Clupea harengus;3;37852.099999999999000;422818.000000000000000
292;18-9-2012 0:00:00;Clupea harengus;4;25357.700000000001000;406628.000000000000000
293;18-9-2012 0:00:00;Clupea harengus;5;26633.099999999999000;409737.000000000000000
294;18-9-2012 0:00:00;Clupea harengus;5;28093.700000000001000;407324.000000000000000
295;6-5-2013 0:00:00;Clupea harengus;1;50272.500000000000000;437283.000000000000000
296;6-5-2013 0:00:00;Clupea harengus;4;55952.900000000001000;433940.000000000000000
297;6-5-2013 0:00:00;Clupea harengus;7;56134.199999999997000;432657.000000000000000
298;6-5-2013 0:00:00;Clupea harengus;16;57849.699999999997000;430189.000000000000000
299;7-5-2013 0:00:00;Clupea harengus;5;46620.099999999999000;426973.000000000000000
300;7-5-2013 0:00:00;Clupea harengus;4;52056.199999999997000;433091.000000000000000
301;7-5-2013 0:00:00;Clupea harengus;7;52653.599999999999000;432560.000000000000000
302;7-5-2013 0:00:00;Clupea harengus;1;53285.099999999999000;435941.000000000000000
303;7-5-2013 0:00:00;Clupea harengus;5;53380.900000000001000;435030.000000000000000
304;7-5-2013 0:00:00;Clupea harengus;9;53952.099999999999000;430344.000000000000000
305;7-5-2013 0:00:00;Clupea harengus;35;55103.400000000001000;434572.000000000000000
306;13-5-2013 0:00:00;Clupea harengus;18;53321.599999999999000;429837.000000000000000
307;13-5-2013 0:00:00;Clupea harengus;7;55050.500000000000000;428987.000000000000000
308;13-5-2013 0:00:00;Clupea harengus;27;56165.000000000000000;429577.000000000000000
309;13-5-2013 0:00:00;Clupea harengus;8;60965.400000000001000;434993.000000000000000
310;14-5-2013 0:00:00;Clupea harengus;3;36960.300000000003000;421943.000000000000000
311;14-5-2013 0:00:00;Clupea harengus;5;42390.400000000001000;424433.000000000000000
312;14-5-2013 0:00:00;Clupea harengus;5;47722.800000000003000;424261.000000000000000
313;15-5-2013 0:00:00;Clupea harengus;5;25299.799999999999000;406610.000000000000000
314;15-5-2013 0:00:00;Clupea harengus;1;26195.000000000000000;410928.000000000000000
315;15-5-2013 0:00:00;Clupea harengus;3;26476.299999999999000;410643.000000000000000
316;15-5-2013 0:00:00;Clupea harengus;2;26707.700000000001000;409784.000000000000000
317;15-5-2013 0:00:00;Clupea harengus;6;27835.599999999999000;402799.000000000000000
318;15-5-2013 0:00:00;Clupea harengus;5;33628.400000000001000;408314.000000000000000
319;16-5-2013 0:00:00;Clupea harengus;3;28110.500000000000000;407300.000000000000000
320;16-5-2013 0:00:00;Clupea harengus;4;35899.500000000000000;406804.000000000000000
321;17-5-2013 0:00:00;Clupea harengus;17;36223.599999999999000;408271.000000000000000
322;21-5-2013 0:00:00;Clupea harengus;3;27772.900000000001000;403060.000000000000000
323;27-5-2013 0:00:00;Clupea harengus;1;19191.200000000001000;406994.000000000000000
324;27-5-2013 0:00:00;Clupea harengus;1;22210.400000000001000;413351.000000000000000
325;28-5-2013 0:00:00;Clupea harengus;10;19907.400000000001000;402263.000000000000000
326;28-5-2013 0:00:00;Clupea harengus;1;26772.599999999999000;402807.000000000000000
327;14-8-2013 0:00:00;Clupea harengus;2;49116.699999999997000;436879.000000000000000
328;14-8-2013 0:00:00;Clupea harengus;3;49649.099999999999000;438234.000000000000000
329;14-8-2013 0:00:00;Clupea harengus;5;55028.199999999997000;433397.000000000000000
330;14-8-2013 0:00:00;Clupea harengus;6;56949.000000000000000;433359.000000000000000
331;14-8-2013 0:00:00;Clupea harengus;22;57912.300000000003000;430216.000000000000000
332;15-8-2013 0:00:00;Clupea harengus;10;51078.699999999997000;432292.000000000000000
333;15-8-2013 0:00:00;Clupea harengus;8;51837.699999999997000;431681.000000000000000
334;15-8-2013 0:00:00;Clupea harengus;1;53315.800000000003000;435994.000000000000000
335;15-8-2013 0:00:00;Clupea harengus;3;54554.599999999999000;435910.000000000000000
336;15-8-2013 0:00:00;Clupea harengus;8;56244.400000000001000;435379.000000000000000
337;15-8-2013 0:00:00;Clupea harengus;4;57188.099999999999000;430013.000000000000000
338;15-8-2013 0:00:00;Clupea harengus;10;61022.099999999999000;435267.000000000000000
339;16-8-2013 0:00:00;Clupea harengus;1;37843.400000000001000;422801.000000000000000
340;16-8-2013 0:00:00;Clupea harengus;2;46066.199999999997000;426717.000000000000000
341;16-8-2013 0:00:00;Clupea harengus;10;54371.300000000003000;430350.000000000000000
342;16-8-2013 0:00:00;Clupea harengus;10;55139.000000000000000;428935.000000000000000
343;19-8-2013 0:00:00;Clupea harengus;3;35225.699999999997000;425805.000000000000000
344;19-8-2013 0:00:00;Clupea harengus;1;36255.300000000003000;422377.000000000000000
345;19-8-2013 0:00:00;Clupea harengus;2;36978.300000000003000;424322.000000000000000
346;19-8-2013 0:00:00;Clupea harengus;11;53697.199999999997000;430346.000000000000000
347;20-8-2013 0:00:00;Clupea harengus;1;16419.900000000001000;407723.000000000000000
348;20-8-2013 0:00:00;Clupea harengus;7;19246.400000000001000;405264.000000000000000
349;20-8-2013 0:00:00;Clupea harengus;1;27838.400000000001000;402825.000000000000000
350;20-8-2013 0:00:00;Clupea harengus;4;34268.099999999999000;407358.000000000000000
351;20-8-2013 0:00:00;Clupea harengus;4;36253.000000000000000;408285.000000000000000
352;21-8-2013 0:00:00;Clupea harengus;14;18134.700000000001000;406220.000000000000000
353;21-8-2013 0:00:00;Clupea harengus;4;19962.799999999999000;402259.000000000000000
354;21-8-2013 0:00:00;Clupea harengus;2;21215.700000000001000;412023.000000000000000
355;21-8-2013 0:00:00;Clupea harengus;3;22737.400000000001000;414374.000000000000000
356;21-8-2013 0:00:00;Clupea harengus;5;24016.700000000001000;415322.000000000000000
357;21-8-2013 0:00:00;Clupea harengus;2;26200.599999999999000;410958.000000000000000
358;22-8-2013 0:00:00;Clupea harengus;8;16876.200000000001000;406455.000000000000000
359;22-8-2013 0:00:00;Clupea harengus;5;26192.400000000001000;405818.000000000000000
360;22-8-2013 0:00:00;Clupea harengus;3;26454.500000000000000;410657.000000000000000
361;22-8-2013 0:00:00;Clupea harengus;3;26645.599999999999000;409795.000000000000000
362;22-8-2013 0:00:00;Clupea harengus;8;27424.099999999999000;408309.000000000000000
363;12-10-2015 0:00:00;Clupea harengus;1;47001.599999999999000;437742.000000000000000
364;12-10-2015 0:00:00;Clupea harengus;1;49802.000000000000000;436180.000000000000000
365;12-10-2015 0:00:00;Clupea harengus;5;54073.500000000000000;434070.000000000000000
366;12-10-2015 0:00:00;Clupea harengus;6;54258.000000000000000;430135.000000000000000
367;13-10-2015 0:00:00;Clupea harengus;4;45892.199999999997000;427342.000000000000000
368;14-10-2015 0:00:00;Clupea harengus;3;22484.299999999999000;411062.000000000000000
369;14-10-2015 0:00:00;Clupea harengus;8;24689.000000000000000;404419.000000000000000
370;14-10-2015 0:00:00;Clupea harengus;5;33865.300000000003000;406157.000000000000000
371;15-10-2015 0:00:00;Clupea harengus;2;27511.000000000000000;415532.000000000000000
372;15-10-2015 0:00:00;Clupea harengus;6;34974.900000000001000;422157.000000000000000
373;15-10-2015 0:00:00;Clupea harengus;7;35493.400000000001000;420734.000000000000000
374;15-10-2015 0:00:00;Clupea harengus;1;49012.199999999997000;428685.000000000000000
375;19-10-2015 0:00:00;Clupea harengus;3;56317.199999999997000;439033.000000000000000
376;20-10-2015 0:00:00;Clupea harengus;8;14206.100000000000000;396278.000000000000000
377;20-10-2015 0:00:00;Clupea harengus;2;17744.200000000001000;394085.000000000000000
378;26-9-2016 0:00:00;Clupea harengus;9;46117.199999999997000;427634.000000000000000
379;26-9-2016 0:00:00;Clupea harengus;7;54237.199999999997000;434234.000000000000000
380;27-9-2016 0:00:00;Clupea harengus;7;14040.200000000001000;396154.000000000000000
381;27-9-2016 0:00:00;Clupea harengus;9;18754.000000000000000;392054.000000000000000
382;27-9-2016 0:00:00;Clupea harengus;5;27703.200000000001000;403043.000000000000000
383;3-10-2016 0:00:00;Clupea harengus;2;55375.400000000001000;439516.000000000000000
384;4-10-2016 0:00:00;Clupea harengus;1;11608.600000000000000;398114.000000000000000
385;4-10-2016 0:00:00;Clupea harengus;2;24696.799999999999000;406515.000000000000000
386;4-10-2016 0:00:00;Clupea harengus;8;29902.500000000000000;413450.000000000000000
387;4-10-2016 0:00:00;Clupea harengus;4;39975.000000000000000;419424.000000000000000
388;5-10-2016 0:00:00;Clupea harengus;9;35199.400000000001000;420482.000000000000000
389;6-10-2016 0:00:00;Clupea harengus;6;50229.699999999997000;429216.000000000000000
390;6-10-2016 0:00:00;Clupea harengus;1;50693.500000000000000;437107.000000000000000
391;6-10-2016 0:00:00;Clupea harengus;6;53734.099999999999000;430368.000000000000000
392;31-10-2017 0:00:00;Clupea harengus;6;14791.600000000000000;396967.000000000000000
393;31-10-2017 0:00:00;Clupea harengus;1;24711.299999999999000;405735.000000000000000
394;1-11-2017 0:00:00;Clupea harengus;4;27475.700000000001000;415942.000000000000000
395;1-11-2017 0:00:00;Clupea harengus;6;30896.500000000000000;412164.000000000000000
396;1-11-2017 0:00:00;Clupea harengus;3;33781.699999999997000;406510.000000000000000
397;1-11-2017 0:00:00;Clupea harengus;2;36161.699999999997000;423204.000000000000000
398;2-11-2017 0:00:00;Clupea harengus;3;45947.000000000000000;427229.000000000000000
399;6-11-2017 0:00:00;Clupea harengus;2;49346.099999999999000;428696.000000000000000
400;6-11-2017 0:00:00;Clupea harengus;7;52714.400000000001000;430481.000000000000000
401;25-10-2018 0:00:00;Clupea harengus;1;42156.400000000001000;431932.000000000000000
402;25-10-2018 0:00:00;Clupea harengus;1;43496.099999999999000;429156.000000000000000
403;29-10-2018 0:00:00;Clupea harengus;1;50430.199999999997000;436593.000000000000000
404;31-10-2018 0:00:00;Clupea harengus;2;6731.259975150000200;385583.000000000000000
405;31-10-2018 0:00:00;Clupea harengus;4;14591.700000000001000;396843.000000000000000
406;1-11-2018 0:00:00;Clupea harengus;1;33842.199999999997000;426709.000000000000000
407;1-11-2018 0:00:00;Clupea harengus;11;35237.900000000001000;420648.000000000000000
408;1-11-2018 0:00:00;Clupea harengus;8;53744.000000000000000;430274.000000000000000